,Paradigm,Model,Percent_Corr
0,S_NOUN_6_ADJ,m650_tied528,0.8875
0,S_NOUN_1_ADJ,m650_tied528,0.9558333333333333
0,S_NOUN_0_ADJ,m650_tied528,0.9733333333333334
0,S_NOUN_3_ADJ,m650_tied528,0.9366666666666666
S_NOUN_6_ADJ,m650_tied528,0.8875
S_NOUN_1_ADJ,m650_tied528,0.9558333333333333
S_NOUN_0_ADJ,m650_tied528,0.9733333333333334
S_NOUN_3_ADJ,m650_tied528,0.9366666666666666
S_NOUN_6_ADJ,m650_tied704,0.9216666666666666
S_NOUN_1_ADJ,m650_tied704,0.9641666666666666
S_NOUN_0_ADJ,m650_tied704,0.9541666666666667
S_NOUN_3_ADJ,m650_tied704,0.9933333333333333
S_NOUN_6_ADJ,m650_tied73,0.885
S_NOUN_1_ADJ,m650_tied73,0.9866666666666667
S_NOUN_0_ADJ,m650_tied73,0.9675
S_NOUN_3_ADJ,m650_tied73,0.9558333333333333
